dataset,PIECE-F_0.1%,PIECE-S_0.1%,PIECE-F_1%,PIECE-S_1%,PIECE-F_5%,PIECE-S_5%
C-STANCE,0.35365853658536583,0.3719512195121951,0.3353658536585366,0.3597560975609756,0.3048780487804878,0.2926829268292683
FOMC,0.3719512195121951,0.38414634146341464,0.1951219512195122,0.23780487804878048,0.17073170731707318,0.18292682926829268
MeetingBank,0.34146341463414637,0.35365853658536583,0.29878048780487804,0.2926829268292683,0.23170731707317074,0.23780487804878048
ScienceQA,0.35365853658536583,0.39634146341463417,0.3902439024390244,0.38414634146341464,0.23170731707317074,0.23780487804878048
NumGLUE-cm,0.3475609756097561,0.3780487804878049,0.3231707317073171,0.32926829268292684,0.18292682926829268,0.18902439024390244
NumGLUE-ds,0.36585365853658536,0.4146341463414634,0.2865853658536585,0.3048780487804878,0.17682926829268292,0.18902439024390244
20Minuten,0.32926829268292684,0.3780487804878049,0.32926829268292684,0.3597560975609756,0.21951219512195122,0.2073170731707317
Py150,0.29878048780487804,0.3231707317073171,0.12804878048780488,0.13414634146341464,0.0,0.0
